music,movie,hobbies,techologies,personality_type,fields_of_tech,cluster
0.0,3.0,1000011001010.0,111000.0,1.0,1.1010000101001012e+42,2
2.0,5.0,101000100100000.0,111110.0,3.0,1.1100011100001111e+43,1
0.0,5.0,101101010000111.0,1110.0,13.0,1.100110110001101e+40,0
0.0,1.0,1110101010110.0,100111.0,10.0,1.1110010110110112e+43,1
2.0,2.0,111100110010011.0,100101.0,15.0,1.0000100010001001e+43,1
0.0,5.0,110001010100010.0,111001.0,1.0,1.0101101011100111e+43,1
0.0,4.0,110011011010100.0,110.0,3.0,1.000011001e+41,0
2.0,3.0,10101110101011.0,101000.0,4.0,1.0011000001011112e+42,2
0.0,0.0,101001000100100.0,110110.0,8.0,1.101011100000001e+43,1
2.0,2.0,11001011011110.0,111110.0,0.0,1.110110011001001e+41,0
2.0,6.0,10110000111001.0,11111.0,7.0,1.11101000111011e+43,1
1.0,2.0,1100001100010.0,110100.0,6.0,1.010011110011e+42,2
1.0,3.0,100101101011101.0,1011.0,6.0,1.01111011011101e+43,1
0.0,0.0,101110000110100.0,100101.0,2.0,1.100110101010001e+43,1
2.0,0.0,10111001111010.0,110000.0,7.0,1.11101011101011e+43,1
1.0,1.0,11011000110011.0,111000.0,0.0,1.000100111111101e+39,0
2.0,4.0,10101010000001.0,10001.0,11.0,1.0000010101000111e+41,0
0.0,5.0,11000010010011.0,110110.0,1.0,1.0011001111011e+41,0
0.0,6.0,11110100000001.0,111.0,1.0,1.1110001101001002e+43,1
1.0,5.0,100101011110101.0,110100.0,11.0,1.101111000101111e+36,0
2.0,2.0,110101101101000.0,1011.0,15.0,1.1110010110001101e+43,1
0.0,5.0,101011000010111.0,0.0,3.0,1.1111011001111101e+43,1
1.0,1.0,110010010010010.0,100010.0,0.0,1.1101001000001112e+42,2
0.0,5.0,100110111001100.0,1000.0,12.0,1.1001010110000001e+43,1
2.0,3.0,1100101110011.0,100011.0,1.0,1.0010100100011101e+43,1
0.0,3.0,100101010100110.0,11111.0,1.0,1.010100110001111e+42,2
0.0,4.0,11010111100100.0,100.0,7.0,1.1100011110101e+43,1
2.0,1.0,11010000011111.0,11110.0,14.0,1.0001111111111e+41,0
1.0,0.0,111001110000001.0,1010.0,6.0,1.100101010110101e+42,2
1.0,1.0,101001011100000.0,1101.0,4.0,1.0011100110101111e+43,1
2.0,2.0,111110100010000.0,100110.0,11.0,1.011111101000101e+39,0
0.0,5.0,111101110011011.0,1011.0,4.0,1.011111111111001e+42,2
2.0,5.0,11100001011111.0,100101.0,10.0,1.100101011000001e+43,1
2.0,0.0,101110011010110.0,100111.0,3.0,1.0011111001010102e+42,2
2.0,1.0,10011000110.0,1010.0,8.0,1.101010110011101e+43,1
1.0,5.0,110000001011001.0,100111.0,9.0,1.0010100111000111e+43,1
0.0,6.0,110011101010110.0,1010.0,11.0,1.11100100101001e+43,1
0.0,4.0,1010001101100.0,101010.0,15.0,1.100101100001001e+43,1
0.0,0.0,101010110001101.0,10101.0,11.0,1.110011000111111e+41,0
1.0,4.0,10101010111001.0,10100.0,12.0,1.0011111100001011e+42,2
2.0,3.0,1010100111001.0,111.0,1.0,1.001101000101001e+41,0
2.0,6.0,101111011001001.0,100110.0,11.0,1.010010000011111e+43,1
2.0,6.0,100010000111011.0,11110.0,7.0,1.0011011111010101e+43,1
1.0,3.0,10100011010011.0,1000.0,10.0,1.0111000101100002e+40,0
1.0,4.0,10110111011110.0,100011.0,9.0,1.11010111010101e+42,2
2.0,6.0,11010011100111.0,1110.0,3.0,1.0101111001010001e+41,0
0.0,3.0,111000011101100.0,11111.0,1.0,1.100101000111e+43,1
0.0,2.0,1000011001000.0,101101.0,6.0,1.0101011110110011e+40,0
2.0,0.0,111100100001011.0,101001.0,5.0,1.1000001101111011e+43,1
0.0,6.0,110100101110110.0,111111.0,14.0,1.1011111110101e+42,2
0.0,0.0,111101011001110.0,100000.0,8.0,1.10000100011111e+41,0
0.0,2.0,11101000000000.0,111010.0,6.0,1.01000000101111e+43,1
1.0,6.0,100010111000110.0,100001.0,14.0,1.011101111001e+41,0
0.0,5.0,101101111010001.0,11100.0,4.0,1.100000010101011e+42,2
2.0,2.0,10010101111000.0,101.0,12.0,1.010101111010101e+40,0
0.0,1.0,11111001101001.0,111000.0,12.0,1.100101001111101e+43,1
2.0,0.0,10101111010010.0,110111.0,1.0,1.011001101100001e+43,1
0.0,5.0,11011000100100.0,111001.0,1.0,1.10011000000011e+40,0
0.0,1.0,1111101100010.0,100011.0,5.0,1.00110100000111e+41,0
2.0,2.0,101101001.0,1001.0,6.0,1.0010010011101e+41,0
2.0,6.0,100111111000111.0,110010.0,6.0,1.1010100010111001e+42,2
2.0,0.0,10110010101011.0,1101.0,1.0,1.111010101011001e+43,1
1.0,6.0,10110110101000.0,100100.0,8.0,1.1011110011001101e+43,1
1.0,6.0,111001110000.0,111111.0,1.0,1.00111111111011e+41,0
1.0,2.0,101000010010010.0,11011.0,1.0,1.001001111000111e+41,0
1.0,4.0,110001011111111.0,111111.0,9.0,1.011100101111011e+41,0
2.0,0.0,100011011001001.0,11011.0,12.0,1.011111101001101e+42,2
0.0,2.0,111000000011111.0,11101.0,0.0,1.111010100100011e+42,2
0.0,5.0,10111001111111.0,1011.0,0.0,1.11001011111111e+41,0
2.0,5.0,10001111110010.0,1011.0,11.0,1.1010111001100001e+43,1
1.0,2.0,101111111011100.0,100100.0,12.0,1.110011001001e+43,1
0.0,5.0,1110010110111.0,111101.0,9.0,1.100011100100111e+42,2
1.0,4.0,11100100011001.0,101000.0,0.0,1.100010100011001e+41,0
2.0,2.0,10110001000011.0,101101.0,4.0,1.01000100000001e+43,1
0.0,4.0,11111011001111.0,111100.0,8.0,1.11100110010001e+43,1
2.0,2.0,101101010010011.0,111110.0,10.0,1.1111001101010101e+43,1
2.0,2.0,110010111110001.0,101100.0,13.0,1.0100110011111e+42,2
0.0,4.0,111000101000111.0,11100.0,10.0,1.0100101010010002e+43,1
2.0,2.0,111011010011100.0,1110.0,12.0,1.0000001111001111e+43,1
1.0,4.0,101000010001100.0,110110.0,1.0,1.000000011001001e+43,1
1.0,0.0,10100001001100.0,110111.0,2.0,1.0011011111110002e+42,2
2.0,1.0,10001001001011.0,1100.0,8.0,1.001000111000011e+43,1
2.0,0.0,101110101010100.0,100110.0,4.0,1.00101111010011e+43,1
0.0,6.0,1100111110101.0,10010.0,2.0,1.101011001001011e+43,1
0.0,2.0,110000001000001.0,111001.0,8.0,1.111110001011111e+43,1
0.0,4.0,11001010001010.0,10101.0,14.0,1.110010101000001e+41,0
0.0,1.0,10000011001110.0,10110.0,2.0,1.100011111000101e+43,1
1.0,5.0,10111010111100.0,110011.0,2.0,1.11000101010101e+43,1
2.0,1.0,100011110101.0,11100.0,6.0,1.1101111101111011e+43,1
1.0,1.0,1110110000110.0,100100.0,3.0,1.01100010101111e+42,2
0.0,2.0,100011100111101.0,111100.0,12.0,1.1011111011110111e+41,0
0.0,1.0,11110100001.0,100110.0,8.0,1.1011101011001e+41,0
1.0,0.0,10111000010110.0,10000.0,13.0,1.101100001110101e+43,1
0.0,4.0,100111010100010.0,1011.0,14.0,1.0100010011e+42,2
1.0,2.0,110101010011001.0,101000.0,8.0,1.0010111110100002e+41,0
2.0,6.0,11001011010100.0,1010.0,11.0,1.1010011000010012e+41,0
0.0,3.0,101111101110100.0,10100.0,9.0,1.010100001100011e+42,2
2.0,6.0,10001100010100.0,11111.0,11.0,1.1100000111010111e+42,2
0.0,3.0,110011101000010.0,111.0,11.0,1.1101010010100111e+43,1
1.0,4.0,10000101010011.0,11100.0,7.0,1.1100101100101111e+42,2
0.0,1.0,1100100000.0,11000.0,13.0,1.01010100010111e+42,2
2.0,2.0,100000011110110.0,100100.0,3.0,1.10001111000011e+42,2
1.0,1.0,1010001110010.0,100111.0,3.0,1.001000111011e+42,2
1.0,3.0,10010111000100.0,1110.0,0.0,1.111011010011e+41,0
0.0,6.0,111111011010111.0,1011.0,1.0,1.1010001001100011e+43,1
2.0,4.0,1011001111110.0,101001.0,15.0,1.110110101011001e+43,1
0.0,5.0,111111101011111.0,11001.0,12.0,1.101100011100101e+41,0
1.0,3.0,101100100011.0,111000.0,12.0,1.111111011010101e+42,2
1.0,2.0,11010010100110.0,111100.0,1.0,1.000011111001e+41,0
1.0,6.0,110111000101010.0,100000.0,1.0,1.1101110111110011e+42,2
1.0,1.0,10100010000111.0,11100.0,8.0,1.0111101101000001e+43,1
0.0,2.0,110101011101111.0,111101.0,4.0,1.0101001010111112e+41,0
2.0,4.0,1011001001100.0,111010.0,2.0,1.0101001010110101e+43,1
1.0,2.0,111110011011010.0,11010.0,14.0,1.1001100100011101e+43,1
1.0,0.0,1101101001100.0,0.0,3.0,1.11001100110111e+43,1
1.0,1.0,110101110001101.0,10001.0,1.0,1.0101011100110011e+43,1
0.0,4.0,100110011010010.0,100100.0,12.0,1.001110110101101e+42,2
1.0,0.0,10011111001100.0,110111.0,13.0,1.01111010000011e+42,2
0.0,2.0,101110101101110.0,11000.0,13.0,1.11011011010001e+43,1
1.0,4.0,100111100000101.0,100000.0,3.0,1.11011011111111e+40,0
2.0,0.0,111101101110.0,111001.0,11.0,1.10010010000001e+43,1
1.0,3.0,10000111011111.0,1010.0,11.0,1.0010010011110111e+43,1
2.0,5.0,110110101101110.0,101101.0,14.0,1.100111010011101e+40,0
2.0,5.0,110010000100101.0,10111.0,13.0,1.11010110001011e+42,2
0.0,2.0,110001111101010.0,110011.0,10.0,1.0001111011000001e+43,1
1.0,5.0,110110111101000.0,11110.0,7.0,1.10110101011001e+42,2
0.0,5.0,110110000001110.0,110.0,14.0,1.001100101011111e+42,2
2.0,4.0,11110011000001.0,10011.0,0.0,1.1010100011111e+43,1
1.0,0.0,101000001101.0,10001.0,15.0,1.1101101010111111e+43,1
0.0,4.0,1101110101000.0,100.0,12.0,1.11100111000011e+42,2
0.0,6.0,101000110011100.0,1101.0,3.0,1.01100110000011e+43,1
1.0,4.0,1110001001011.0,101010.0,1.0,1.10111101111001e+41,0
1.0,3.0,101111000110010.0,100000.0,8.0,1.1110101000011102e+42,2
1.0,1.0,101001110101011.0,101111.0,1.0,1.011011100010101e+43,1
0.0,6.0,111010100110111.0,100001.0,2.0,1.00010101010101e+42,2
1.0,5.0,100010000100110.0,100111.0,15.0,1.001111101100001e+41,0
2.0,2.0,10101000001.0,10.0,14.0,1.010010011110101e+43,1
0.0,0.0,100111111010011.0,1101.0,12.0,1.0111110001110012e+42,2
1.0,3.0,1011011011101.0,101010.0,6.0,1.0111100101110001e+42,2
1.0,6.0,11000110100.0,1001.0,8.0,1.101101001111101e+39,0
1.0,4.0,100111111011110.0,1110.0,12.0,1.001000010010111e+42,2
1.0,2.0,11010110101010.0,0.0,15.0,1.0010100111111101e+42,2
0.0,2.0,111010011100111.0,11111.0,6.0,1.11100010001101e+43,1
2.0,4.0,111000001101.0,111101.0,1.0,1.0000011011010001e+40,0
1.0,5.0,11010001100100.0,1010.0,6.0,1.0010100101001001e+42,2
0.0,5.0,100110000101101.0,10110.0,1.0,1.1001000001111e+43,1
2.0,5.0,111010000001000.0,101101.0,13.0,1.110010001000001e+42,2
0.0,4.0,110000110000.0,111110.0,4.0,1.100011011000001e+42,2
2.0,2.0,100000100000111.0,10100.0,10.0,1.0100010000011101e+43,1
1.0,3.0,110000101000100.0,110.0,15.0,1.001000001111101e+43,1
1.0,4.0,111011100100111.0,10011.0,3.0,1.01000010110011e+42,2
0.0,4.0,111000010010111.0,110.0,7.0,1.1101011011110001e+42,2
2.0,1.0,10111000000110.0,1000.0,10.0,1.1111110011111012e+41,0
1.0,0.0,101110001000110.0,1000.0,9.0,1.111000001000111e+43,1
0.0,5.0,100010110100011.0,10000.0,7.0,1.01101010011001e+43,1
2.0,6.0,1101011101000.0,1111.0,0.0,1.0001001100001e+41,0
1.0,6.0,1000010110111.0,101000.0,12.0,1.101010111000011e+42,2
2.0,1.0,100110010001100.0,10011.0,5.0,1.010000000010001e+41,0
2.0,6.0,11101100100001.0,1111.0,9.0,1.0000011111010001e+43,1
1.0,0.0,10100010010.0,110000.0,5.0,1.1011110101000011e+42,2
2.0,4.0,11000100000011.0,101001.0,0.0,1.10011010110111e+43,1
2.0,0.0,110101101111011.0,0.0,11.0,1.1100000100010011e+43,1
0.0,1.0,100010111001010.0,10000.0,3.0,1.0000001001001011e+43,1
2.0,2.0,111011101110000.0,100000.0,12.0,1.1100011111000102e+35,0
2.0,5.0,101011011001011.0,11100.0,8.0,1.101000001100101e+42,2
1.0,6.0,111001100100111.0,1001.0,9.0,1.11100010000111e+42,2
1.0,0.0,101001001001111.0,111100.0,7.0,1.0111101010011011e+43,1
2.0,0.0,11101011111101.0,110100.0,3.0,1.0111111010101011e+42,2
1.0,2.0,1111011010010.0,110100.0,7.0,1.1101110011110102e+40,0
2.0,4.0,11010111111111.0,100001.0,2.0,1.0111011101e+43,1
1.0,1.0,100110011110110.0,111.0,8.0,1.101000111000001e+41,0
0.0,5.0,1000101111010.0,101.0,10.0,1.00001101001001e+41,0
1.0,3.0,100010101001010.0,111.0,11.0,1.0101010010011e+43,1
0.0,3.0,100111010001.0,100100.0,14.0,1.00000011100111e+42,2
1.0,2.0,110110010010101.0,110100.0,5.0,1.1011011011001011e+39,0
0.0,6.0,110000110110010.0,10.0,10.0,1.10100000011101e+41,0
1.0,1.0,1000011001100.0,100010.0,3.0,1.1010011100110101e+43,1
2.0,3.0,11010110011110.0,1100.0,0.0,1.1010101011101001e+43,1
2.0,3.0,11101010100000.0,100011.0,11.0,1.1101101111101101e+39,0
2.0,1.0,11110110111000.0,100000.0,12.0,1.1101111110111011e+43,1
1.0,5.0,101110011100010.0,100001.0,1.0,1.1001011110101101e+43,1
1.0,0.0,100110011001000.0,10011.0,7.0,1.000010000111101e+42,2
2.0,2.0,111000110011100.0,111111.0,14.0,1.010010111110101e+43,1
1.0,0.0,101100110000.0,101110.0,2.0,1.010100100001001e+43,1
0.0,0.0,101111111011001.0,10011.0,6.0,1.00010111010001e+43,1
1.0,4.0,100111000.0,111000.0,12.0,1.010100110001e+39,0
0.0,5.0,111000011001110.0,100101.0,9.0,1.110000110110101e+38,0
2.0,0.0,11001100010110.0,100100.0,6.0,1.001001000011001e+42,2
1.0,4.0,110010111010001.0,11111.0,8.0,1.11000000001001e+42,2
2.0,6.0,100000000101001.0,100.0,0.0,1.011110110111101e+42,2
1.0,3.0,111001010010000.0,111101.0,9.0,1.010011111100011e+43,1
2.0,3.0,1000101100.0,11111.0,6.0,1.001011111110011e+41,0
0.0,3.0,1101010110001.0,1001.0,7.0,1.1100011000110101e+42,2
2.0,2.0,10101010110011.0,100111.0,1.0,1.1110101001110111e+42,2
1.0,1.0,111011100011010.0,111000.0,10.0,1.10100010101001e+40,0
0.0,4.0,11011101100010.0,111101.0,14.0,1.01111111000101e+42,2
2.0,4.0,100000001000010.0,111011.0,5.0,1.1001101000000112e+41,0
0.0,0.0,111111000110000.0,11010.0,11.0,1.1111010000000002e+41,0
2.0,2.0,110010010101111.0,100110.0,4.0,1.011111111101e+43,1
1.0,3.0,110101111010110.0,100101.0,8.0,1.100000100110011e+39,0
0.0,4.0,11000011011111.0,11001.0,1.0,1.1000100000111002e+43,1
1.0,4.0,11000101100110.0,111000.0,6.0,1.001000111100111e+43,1
0.0,4.0,10101011001111.0,110100.0,2.0,1.1001101100000101e+43,1
0.0,4.0,111010110111.0,111101.0,9.0,1.101011010100001e+43,1
1.0,0.0,10011000001111.0,101011.0,12.0,1.1110001101000102e+42,2
0.0,5.0,100110101110100.0,101011.0,6.0,1.000010011011011e+43,1
0.0,1.0,111101001010110.0,110001.0,7.0,1.1111111111100001e+43,1
2.0,5.0,10000110000101.0,0.0,1.0,1.0111111010000101e+43,1
0.0,0.0,11111101001.0,11011.0,5.0,1.0111111110000101e+43,1
0.0,4.0,10011000011011.0,111110.0,10.0,1.1101000010010112e+42,2
2.0,3.0,110110100001000.0,110.0,0.0,1.001011110001011e+37,0
2.0,0.0,11101000000011.0,10010.0,14.0,1.1011010111101001e+43,1
0.0,2.0,100010010001001.0,110101.0,6.0,1.0101001011101e+42,2
0.0,5.0,10010101100111.0,111110.0,6.0,1.0010100010111101e+43,1
1.0,0.0,101010010001.0,1.0,4.0,1.111111100000011e+43,1
2.0,2.0,110111010111001.0,100101.0,14.0,1.010101001101101e+41,0
0.0,5.0,110010011101110.0,111001.0,13.0,1.1001101001100002e+41,0
2.0,3.0,1101011100111.0,100101.0,4.0,1.1011100110000001e+43,1
2.0,1.0,111100000111110.0,11.0,14.0,1.0001001000111111e+43,1
1.0,6.0,101111011010110.0,110100.0,13.0,1.011000101001101e+43,1
1.0,2.0,11100111011001.0,101.0,7.0,1.101101110010101e+43,1
2.0,1.0,111001101111100.0,1111.0,8.0,1.1010111100100101e+42,2
0.0,6.0,11101010011001.0,100110.0,10.0,1.0011010011101111e+43,1
0.0,4.0,101100100101000.0,10100.0,11.0,1.00110100101e+43,1
0.0,3.0,1111110110010.0,100.0,11.0,1.11010100010001e+42,2
1.0,5.0,110011001110010.0,11000.0,11.0,1.11000110010011e+43,1
2.0,0.0,10111101010011.0,111001.0,12.0,1.0100011010110112e+43,1
2.0,0.0,101101000111100.0,100011.0,1.0,1.0001010010010001e+43,1
1.0,6.0,10101001001011.0,110111.0,15.0,1.0011100011101e+43,1
1.0,3.0,11100100001101.0,1001.0,10.0,1.000011101000011e+43,1
0.0,0.0,100110011001.0,11001.0,14.0,1.0011001001101111e+43,1
0.0,3.0,100110000001000.0,111001.0,7.0,1.10001000111001e+42,2
1.0,4.0,11111010.0,1010.0,7.0,1.1101000100001011e+43,1
0.0,3.0,10100111010110.0,10000.0,10.0,1.000110011001e+43,1
2.0,0.0,110110100000001.0,10100.0,11.0,1.0010010001001112e+42,2
1.0,1.0,10100100111110.0,111100.0,5.0,1.11101111111111e+42,2
0.0,4.0,100010000001001.0,10001.0,1.0,1.0111011110101102e+41,0
1.0,1.0,11000000010000.0,101001.0,5.0,1.011101101100011e+43,1
2.0,1.0,100101011011001.0,1001.0,10.0,1.110100100001e+42,2
1.0,5.0,111001011000110.0,110110.0,11.0,1.00001011011111e+43,1
1.0,3.0,110111011100011.0,10111.0,10.0,1.11011011001111e+41,0
0.0,3.0,11000110111000.0,101010.0,1.0,1.1101111111010001e+43,1
2.0,3.0,1110101000011.0,110101.0,5.0,1.1001000000101101e+41,0
1.0,6.0,1001011011001.0,11100.0,2.0,1.0111101110001e+43,1
2.0,4.0,10101111100100.0,10.0,3.0,1.100100010110001e+43,1
0.0,2.0,10100100000010.0,110110.0,1.0,1.0111011010001001e+43,1
0.0,4.0,111011101101010.0,101101.0,12.0,1.0100000111101e+41,0
0.0,5.0,110110100000011.0,111000.0,8.0,1.101111001000011e+40,0
1.0,4.0,10100011010100.0,11100.0,15.0,1.110110011010101e+41,0
2.0,5.0,100000010100.0,100011.0,0.0,1.0100110010001001e+42,2
1.0,1.0,1100111100100.0,110.0,15.0,1.111011101111e+40,0
0.0,2.0,11001010111.0,11101.0,13.0,1.11111111000111e+38,0
2.0,6.0,111110111101111.0,110111.0,0.0,1.1101000011111e+42,2
1.0,5.0,101010000010101.0,101000.0,9.0,1.1111100001101e+42,2
0.0,3.0,1110010111.0,10110.0,8.0,1.1011010010001112e+38,0
2.0,6.0,100111110011111.0,0.0,3.0,1.0111010101001e+42,2
1.0,2.0,1000110101110.0,1001.0,1.0,1.01110101101111e+42,2
2.0,0.0,11110111110011.0,1101.0,15.0,1.000111000111111e+40,0
2.0,1.0,101000110010000.0,10.0,6.0,1.0010010111111e+43,1
0.0,2.0,11011011111001.0,11100.0,0.0,1.11000111001001e+42,2
2.0,2.0,11100100010110.0,111100.0,7.0,1.100100111011011e+42,2
0.0,5.0,111010001011110.0,101010.0,7.0,1.0011100011001011e+41,0
0.0,0.0,111011101010000.0,100011.0,6.0,1.00000100110001e+43,1
1.0,3.0,11111111001101.0,10110.0,5.0,1.000011111000011e+40,0
0.0,0.0,101001101001101.0,11011.0,15.0,1.011110000101111e+42,2
2.0,4.0,10101110110101.0,10101.0,7.0,1.0101110111000101e+39,0
0.0,0.0,1011111101.0,11101.0,4.0,1.101100001010111e+42,2
0.0,5.0,100011000110000.0,101000.0,9.0,1.010001010111101e+43,1
1.0,3.0,111111011000110.0,101.0,10.0,1.0100001010100111e+43,1
1.0,5.0,10101110001000.0,110010.0,2.0,1.0111001011000012e+41,0
0.0,2.0,100110110000001.0,1001.0,4.0,1.0111010011110011e+41,0
1.0,2.0,11011101101001.0,1110.0,1.0,1.1001110100110011e+43,1
2.0,5.0,110110100101100.0,11110.0,7.0,1.001000011001111e+41,0
0.0,1.0,100000100000010.0,11.0,10.0,1.001001111001e+42,2
2.0,3.0,110101101110100.0,111011.0,8.0,1.011100110110111e+43,1
2.0,0.0,110000100100011.0,10010.0,12.0,1.1101011110011111e+41,0
0.0,1.0,11100101110110.0,101101.0,15.0,1.1000000101111e+43,1
2.0,3.0,111000011011101.0,101010.0,12.0,1.11001011000001e+43,1
1.0,4.0,10111101001000.0,111010.0,4.0,1.100010110011e+37,0
0.0,2.0,110100110000111.0,110110.0,5.0,1.111001111011001e+43,1
1.0,0.0,110100000011111.0,11110.0,4.0,1.110110001110001e+43,1
2.0,5.0,10011101111110.0,100010.0,4.0,1.110000000000011e+43,1
1.0,4.0,1111101001010.0,11001.0,5.0,1.1000100000011101e+43,1
1.0,6.0,110011011001110.0,110.0,2.0,1.0010000110001011e+43,1
0.0,3.0,1100101100101.0,1000.0,0.0,1.0110101010011112e+42,2
2.0,2.0,10101111111001.0,11001.0,15.0,1.1010100011010111e+43,1
2.0,0.0,11111111100011.0,11100.0,3.0,1.0100000000000111e+42,2
2.0,4.0,100100011111010.0,100011.0,15.0,1.010100110110001e+43,1
0.0,1.0,110101111110010.0,110101.0,6.0,1.0000110110000111e+40,0
1.0,1.0,101001001101010.0,110110.0,0.0,1.1110011000101e+42,2
0.0,4.0,100000010100100.0,10001.0,8.0,1.1101010111100101e+42,2
0.0,6.0,10011010011110.0,101011.0,12.0,1.0000110000100101e+37,0
1.0,1.0,1100000011010.0,101111.0,10.0,1.001010011001011e+41,0
1.0,0.0,10011011011111.0,101001.0,13.0,1.10101111001e+41,0
0.0,4.0,110000110001100.0,101000.0,12.0,1.10110110101e+43,1
0.0,0.0,100011111100110.0,100010.0,11.0,1.0011010101101112e+39,0
1.0,0.0,1001000101100.0,1011.0,13.0,1.0001111010101101e+43,1
2.0,5.0,100111110010110.0,100111.0,5.0,1.0000001110101e+39,0
2.0,5.0,11011000001101.0,111011.0,11.0,1.010010011000111e+41,0
1.0,2.0,110000110010111.0,10010.0,0.0,1.0111101000001e+41,0
1.0,5.0,10111111100011.0,10100.0,2.0,1.010110101010111e+42,2
2.0,6.0,101000111101110.0,1110.0,0.0,1.1110000101001e+40,0
2.0,2.0,110011100001110.0,11001.0,4.0,1.001001110010101e+43,1
0.0,1.0,1000101111.0,100101.0,1.0,1.1101111010101e+41,0
0.0,5.0,100111011111001.0,101011.0,10.0,1.0011110111001011e+40,0
2.0,2.0,10010001100.0,110011.0,3.0,1.110110001110001e+43,1
0.0,0.0,101011101101010.0,10100.0,5.0,1.0000111101111101e+43,1
0.0,2.0,101000010110011.0,100111.0,1.0,1.1011111100010101e+42,2
1.0,1.0,1100011101001.0,101001.0,8.0,1.1010100001110012e+43,1
0.0,3.0,101001111011001.0,100000.0,13.0,1.110101011001e+42,2
2.0,2.0,110111011100001.0,111100.0,3.0,1.001000100011e+42,2
2.0,1.0,111010001100101.0,110.0,3.0,1.00111111111e+42,2
2.0,6.0,10101111010000.0,100010.0,10.0,1.0001111000010001e+41,0
1.0,4.0,100001010101010.0,10011.0,1.0,1.00101110101e+39,0
0.0,4.0,10001111.0,1110.0,12.0,1.100000011110101e+42,2
0.0,4.0,101010011110.0,10011.0,2.0,1.00000010000011e+41,0
2.0,2.0,11111000111001.0,1010.0,6.0,1.100110110010111e+42,2
2.0,4.0,100111010100110.0,100000.0,8.0,1.1101110101111001e+42,2
2.0,2.0,110100010111101.0,110000.0,14.0,1.111001000101011e+43,1
1.0,1.0,10000101101110.0,100111.0,4.0,1.11110010110001e+43,1
0.0,1.0,101011011001010.0,111100.0,1.0,1.0001011111111012e+43,1
1.0,3.0,1011100110010.0,101110.0,4.0,1.011111010010011e+43,1
1.0,2.0,10000010001001.0,1.0,15.0,1.0010011100011011e+43,1
2.0,2.0,101001001100010.0,110.0,4.0,1.00110111000101e+43,1
1.0,1.0,11000101010100.0,101000.0,15.0,1.110111001100111e+42,2
1.0,3.0,111011111001101.0,11010.0,15.0,1.1010111001111001e+43,1
0.0,4.0,111110111011010.0,111000.0,6.0,1.1001110001111101e+43,1
1.0,0.0,1110000.0,101.0,7.0,1.0011110100010001e+43,1
2.0,0.0,100110011101110.0,100100.0,11.0,1.101110010101001e+43,1
2.0,5.0,110011000100000.0,100010.0,12.0,1.01011110011001e+35,0
0.0,5.0,10100110100111.0,100.0,6.0,1.1010101011011101e+40,0
1.0,1.0,111111001001011.0,111001.0,9.0,1.00110010100111e+42,2
2.0,1.0,110101111110111.0,1100.0,2.0,1.110101111011e+43,1
0.0,3.0,10111111011110.0,1001.0,10.0,1.100011110101101e+39,0
1.0,6.0,11011111101000.0,101010.0,0.0,1.0000101011001e+42,2
2.0,4.0,101110110000011.0,10.0,7.0,1.1111011111111e+42,2
0.0,4.0,111010010011.0,100110.0,4.0,1.101000111100101e+42,2
0.0,0.0,10000001001101.0,101101.0,12.0,1.0000110111110001e+43,1
0.0,5.0,100001100001110.0,11100.0,5.0,1.1011001100010001e+43,1
0.0,6.0,11111110111011.0,100011.0,10.0,1.0101100111101102e+42,2
2.0,5.0,10110111010100.0,11000.0,3.0,1.00011001000101e+42,2
0.0,3.0,1110100100111.0,111011.0,2.0,1.1010010100101e+42,2
1.0,0.0,101001010111010.0,100011.0,0.0,1.01001101001011e+43,1
1.0,0.0,111000011011110.0,111000.0,0.0,1.1010000101110002e+43,1
2.0,3.0,101111111111100.0,111010.0,10.0,1.010100011100011e+41,0
0.0,2.0,110000011011000.0,100000.0,10.0,1.0011111001010011e+43,1
1.0,4.0,110000111010110.0,101.0,11.0,1.11000100101011e+40,0
0.0,3.0,111101010000011.0,110011.0,12.0,1.010101101011001e+41,0
0.0,5.0,10100000011000.0,10101.0,10.0,1.1101011100011e+43,1
1.0,5.0,110000010101111.0,11011.0,12.0,1.0000000100100011e+43,1
0.0,0.0,1010011101000.0,11110.0,14.0,1.1011110011001e+43,1
1.0,1.0,111001000111011.0,10001.0,13.0,1.1110010000100011e+39,0
0.0,4.0,110101110100001.0,111110.0,10.0,1.0000000000010112e+43,1
2.0,2.0,101001101011010.0,1111.0,6.0,1.1101100000010101e+43,1
1.0,3.0,110001111100001.0,1111.0,4.0,1.0111100011e+42,2
2.0,4.0,111000111011111.0,110010.0,8.0,1.01001110110111e+43,1
2.0,4.0,1101010011001.0,110100.0,2.0,1.0111110101110111e+43,1
2.0,0.0,100000000100100.0,100001.0,5.0,1.011100011011011e+38,0
0.0,5.0,111101111100100.0,110000.0,3.0,1.011100111101011e+43,1
1.0,6.0,101111101010100.0,11100.0,13.0,1.111000001101111e+43,1
0.0,5.0,100011011010011.0,1.0,4.0,1.0000011100011101e+37,0
1.0,5.0,10111001100010.0,110110.0,3.0,1.0100110110001102e+41,0
0.0,1.0,11001111011.0,11011.0,15.0,1.00111011011e+43,1
0.0,0.0,11010110001110.0,11101.0,9.0,1.010110011010001e+42,2
1.0,0.0,111001000101110.0,111110.0,13.0,1.1011000111001001e+43,1
1.0,2.0,11100111101.0,11111.0,13.0,1.001010000101011e+39,0
1.0,4.0,11101111110110.0,111111.0,9.0,1.1001110101000002e+41,0
2.0,6.0,1110010011010.0,100111.0,12.0,1.1110111010010111e+43,1
0.0,2.0,101111010001000.0,110010.0,4.0,1.001111110101001e+42,2
2.0,2.0,110011011010.0,110011.0,5.0,1.1011011111100101e+43,1
1.0,4.0,110101000001011.0,11101.0,2.0,1.1100101001000011e+43,1
2.0,1.0,110110000001110.0,100000.0,11.0,1.1110101000110111e+43,1
1.0,1.0,1111001001100.0,101010.0,11.0,1.1001001101e+41,0
2.0,3.0,101110111001110.0,11001.0,13.0,1.0001001000001e+42,2
0.0,5.0,101101000001001.0,101111.0,9.0,1.111110100101011e+42,2
1.0,6.0,10111110101001.0,10010.0,7.0,1.010000100001101e+43,1
2.0,4.0,1110110111000.0,10000.0,2.0,1.1101101110100011e+43,1
2.0,4.0,101100010.0,100100.0,13.0,1.0010111100011101e+43,1
1.0,6.0,111000011110000.0,101.0,0.0,1.1001110001e+41,0
2.0,3.0,10000000011100.0,10010.0,5.0,1.001111001100001e+42,2
2.0,3.0,11011101010101.0,11001.0,10.0,1.0001010111010101e+43,1
1.0,6.0,1000011000000.0,100111.0,3.0,1.01010000000011e+43,1
0.0,5.0,101110111000101.0,111100.0,7.0,1.111001000100011e+41,0
2.0,4.0,100010000110010.0,1110.0,13.0,1.0110110000011111e+41,0
0.0,6.0,110001011001101.0,101.0,6.0,1.011001111000101e+41,0
2.0,4.0,101000101100010.0,11001.0,3.0,1.01111111111011e+42,2
0.0,2.0,110110101001010.0,1101.0,12.0,1.101010011000001e+43,1
2.0,6.0,111010100001001.0,1.0,0.0,1.1000101011101111e+43,1
1.0,1.0,110010000011011.0,11101.0,10.0,1.001010101010101e+40,0
0.0,4.0,101011001101010.0,111010.0,11.0,1.01010011110001e+43,1
0.0,0.0,1111000001111.0,111000.0,4.0,1.10111100100111e+43,1
2.0,5.0,11010110111110.0,10100.0,13.0,1.1100001001111102e+38,0
2.0,3.0,11110110001100.0,110.0,3.0,1.010100011000111e+43,1
1.0,2.0,111100001100010.0,11010.0,4.0,1.110010111110101e+41,0
0.0,3.0,110110100100.0,1111.0,8.0,1.1001111110010111e+43,1
0.0,4.0,101010101101010.0,111110.0,12.0,1.1111000001011e+43,1
2.0,1.0,111100111111000.0,101.0,1.0,1.11000100101e+43,1
0.0,3.0,10101101101101.0,11011.0,3.0,1.001010111110011e+42,2
2.0,3.0,1010010001010.0,10001.0,4.0,1.1101101001e+43,1
0.0,5.0,10101001110001.0,1.0,6.0,1.0111101001011e+42,2
0.0,6.0,100100111010010.0,0.0,8.0,1.11010011111011e+42,2
0.0,6.0,100000001111001.0,101110.0,6.0,1.101010010111101e+42,2
1.0,6.0,101010000011111.0,101101.0,4.0,1.1010001010111102e+42,2
1.0,4.0,111101011100010.0,101111.0,6.0,1.00101100111111e+42,2
1.0,4.0,11111011101011.0,11111.0,11.0,1.1111000111000001e+42,2
1.0,0.0,100010110010001.0,111100.0,9.0,1.111000101011e+43,1
2.0,3.0,1111010101111.0,1011.0,4.0,1.1100100001010101e+43,1
1.0,2.0,100010011100010.0,10110.0,1.0,1.1110011010100012e+42,2
2.0,3.0,100000101110010.0,101001.0,13.0,1.1001100011110012e+41,0
2.0,2.0,1111011000100.0,1011.0,11.0,1.1000101100111e+41,0
2.0,4.0,100000110111010.0,111.0,2.0,1.0011111011110011e+43,1
2.0,6.0,1111100001.0,100101.0,14.0,1.1111011100111e+42,2
1.0,6.0,101110110110011.0,10001.0,0.0,1.111101110101011e+43,1
2.0,6.0,110110011010111.0,101101.0,14.0,1.011000010100101e+43,1
1.0,5.0,110010101110101.0,100111.0,15.0,1.11011110000101e+41,0
0.0,3.0,11000110000101.0,111.0,8.0,1.1001001010011102e+41,0
1.0,3.0,100001111110101.0,110011.0,7.0,1.1000001101010002e+41,0
0.0,6.0,100011010100100.0,10101.0,6.0,1.011111001110001e+35,0
0.0,1.0,100000010100110.0,100001.0,14.0,1.0111010011001001e+43,1
0.0,2.0,101111011000.0,101111.0,14.0,1.011011001000111e+39,0
2.0,2.0,100111110001000.0,10110.0,10.0,1.01101111011101e+39,0
1.0,2.0,10100010000000.0,10001.0,8.0,1.1111100111111101e+43,1
0.0,1.0,10010101011.0,111011.0,8.0,1.0001110110101102e+41,0
2.0,5.0,111000001111001.0,11.0,7.0,1.0111101111100011e+43,1
0.0,3.0,101010001101010.0,101010.0,12.0,1.1001111100011001e+42,2
0.0,5.0,101010001001000.0,100001.0,12.0,1.1111101101101101e+43,1
0.0,5.0,111111101000011.0,111100.0,3.0,1.01110001010111e+43,1
0.0,2.0,110001010111011.0,101000.0,1.0,1.110100110011e+42,2
2.0,2.0,10011010100001.0,110000.0,3.0,1.1001111011011001e+42,2
1.0,4.0,1010010110011.0,100101.0,8.0,1.0101110101001001e+43,1
2.0,4.0,110011010000001.0,101000.0,3.0,1.101100101110101e+43,1
2.0,2.0,10001011000100.0,111100.0,3.0,1.011011011000001e+42,2
1.0,6.0,111100100010110.0,111.0,5.0,1.1111011110101111e+43,1
0.0,5.0,1110101111011.0,0.0,11.0,1.10010100101111e+43,1
2.0,2.0,111001001001111.0,100010.0,11.0,1.00000010000001e+43,1
2.0,4.0,10001010111011.0,1010.0,6.0,1.0000101001011e+42,2
2.0,6.0,110000010010011.0,1001.0,7.0,1.011111000001e+42,2
2.0,2.0,100010101001111.0,10111.0,5.0,1.001100000110101e+41,0
0.0,3.0,1111110110010.0,101010.0,0.0,1.000000001110001e+43,1
0.0,3.0,1100011000111.0,110101.0,15.0,1.10000110111101e+41,0
1.0,6.0,1011011001010.0,111010.0,9.0,1.11101111010111e+40,0
2.0,3.0,101010101001000.0,1100.0,8.0,1.1001110101101101e+42,2
0.0,6.0,1011100000.0,1011.0,6.0,1.000011011000011e+43,1
0.0,5.0,101011100000010.0,110111.0,7.0,1.0000000011101011e+42,2
1.0,2.0,101011001000010.0,111101.0,7.0,1.1100111001010001e+43,1
0.0,6.0,101111100011.0,10110.0,10.0,1.00001010111101e+43,1
0.0,0.0,11010001111011.0,1.0,1.0,1.0001100011010001e+33,0
2.0,6.0,101110011110001.0,101101.0,12.0,1.0011111101010101e+43,1
1.0,1.0,101000010000110.0,101001.0,14.0,1.1101100110000001e+43,1
2.0,1.0,100110011100.0,1110.0,14.0,1.101101010000101e+40,0
0.0,5.0,11100011000010.0,10010.0,12.0,1.1010001000101101e+43,1
1.0,2.0,100111101111011.0,110101.0,10.0,1.11101010101001e+41,0
0.0,2.0,1001010001100.0,111100.0,3.0,1.11110000011001e+42,2
0.0,1.0,111110100010011.0,110.0,11.0,1.0110101111010001e+43,1
0.0,3.0,1000100111001.0,110000.0,9.0,1.101011000100111e+43,1
0.0,0.0,100001001101001.0,110011.0,7.0,1.110101011001101e+43,1
2.0,6.0,101010000011100.0,111011.0,14.0,1.010111000100001e+40,0
0.0,5.0,101101111111111.0,100101.0,1.0,1.1110000100000011e+42,2
1.0,5.0,111100010111.0,101.0,8.0,1.111001111001111e+43,1
2.0,6.0,100000101010000.0,10011.0,0.0,1.00110011110101e+42,2
0.0,0.0,110000100111100.0,10111.0,11.0,1.011011110100101e+37,0
2.0,4.0,100101110011110.0,100001.0,3.0,1.1010110101110111e+41,0
1.0,4.0,100001000000011.0,101111.0,2.0,1.0001100000000001e+43,1
0.0,3.0,111001110110101.0,11001.0,12.0,1.0000010101000012e+42,2
0.0,1.0,101100110000010.0,11.0,15.0,1.0001000101110112e+42,2
1.0,0.0,1001101101010.0,10111.0,11.0,1.0010100110101012e+42,2
1.0,3.0,110000000101000.0,11010.0,5.0,1.010001011110111e+43,1
2.0,6.0,110011100011000.0,10.0,8.0,1.011001011111111e+41,0
1.0,2.0,100001111100110.0,101100.0,13.0,1.0101001000100111e+41,0
1.0,1.0,10011000110101.0,11001.0,2.0,1.1010100101010111e+42,2
0.0,6.0,10011110011100.0,110.0,3.0,1.010010011001001e+42,2
1.0,6.0,10100110110011.0,110.0,7.0,1.1111100000100111e+43,1
1.0,2.0,1011100000101.0,111011.0,15.0,1.101100100011011e+43,1
1.0,0.0,111101111001010.0,111001.0,2.0,1.1111000111010102e+43,1
2.0,4.0,110011100001001.0,1001.0,12.0,1.0011101110000012e+42,2
0.0,5.0,110100111100001.0,11110.0,2.0,1.00011100010001e+43,1
2.0,4.0,110000010000000.0,11010.0,10.0,1.010001010010111e+43,1
2.0,2.0,1101110111111.0,1001.0,9.0,1.0111001001100112e+43,1
1.0,6.0,101000110111001.0,1001.0,1.0,1.1101111100001001e+41,0
0.0,4.0,11101111001100.0,101111.0,14.0,1.1000001000001001e+42,2
2.0,5.0,100101110001011.0,100110.0,9.0,1.00000010011001e+40,0
0.0,2.0,110000111100011.0,101001.0,9.0,1.000111011111001e+43,1
1.0,4.0,101110001101011.0,111101.0,8.0,1.001100100010011e+43,1
2.0,4.0,10110111101000.0,1101.0,13.0,1.111011100111001e+43,1
2.0,3.0,110011100011010.0,1100.0,9.0,1.1001010110101011e+43,1
0.0,1.0,100110101001011.0,1011.0,14.0,1.100010110111111e+42,2
0.0,3.0,11001110100000.0,1111.0,1.0,1.0001110000000101e+43,1
1.0,1.0,100110001001101.0,101110.0,9.0,1.10111100101e+43,1
0.0,6.0,1010111011110.0,111011.0,0.0,1.01101011010011e+43,1
0.0,0.0,100011110111100.0,10101.0,15.0,1.0000101000100101e+42,2
2.0,3.0,100000101100100.0,110000.0,5.0,1.101000111101001e+41,0
1.0,3.0,1101000011100.0,10111.0,10.0,1.1110100011001e+43,1
0.0,2.0,110100111100010.0,101011.0,14.0,1.00010101000001e+38,0
0.0,2.0,11101111100001.0,1.0,3.0,1.10111110001e+43,1
0.0,6.0,100010011011010.0,100.0,3.0,1.110111111000011e+43,1
1.0,6.0,10101001000111.0,100101.0,12.0,1.11101010001e+43,1
1.0,2.0,10110111001010.0,100011.0,4.0,1.11001000011101e+41,0
1.0,4.0,100110111101.0,10110.0,0.0,1.1001000000000011e+43,1
2.0,0.0,10000001011011.0,1100.0,0.0,1.1100011100011102e+40,0
1.0,1.0,101011110110000.0,10.0,10.0,1.1011101010100001e+42,2
1.0,2.0,111010111111000.0,100100.0,9.0,1.11110001000001e+41,0
1.0,5.0,10010011000110.0,10000.0,6.0,1.0100111011011101e+43,1
0.0,5.0,11100101100001.0,110100.0,1.0,1.01001001100011e+42,2
2.0,0.0,100101111001000.0,1.0,3.0,1.1010011100010011e+42,2
0.0,4.0,1000110100001.0,1011.0,7.0,1.111010011011001e+41,0
1.0,0.0,11110100100.0,11110.0,15.0,1.010011110001101e+43,1
2.0,5.0,101011111111011.0,101110.0,6.0,1.110010111110101e+43,1
1.0,6.0,111011010000100.0,111011.0,7.0,1.0011011100011011e+43,1
2.0,4.0,101010110011011.0,1111.0,13.0,1.0011001011001011e+43,1
0.0,1.0,111010010000011.0,111000.0,13.0,1.0111100011111e+41,0
0.0,1.0,111001001010110.0,100111.0,0.0,1.0111011011011e+42,2
2.0,5.0,100001111110000.0,100.0,11.0,1.101001110110111e+41,0
2.0,0.0,110110101001010.0,111.0,4.0,1.1010110101101101e+43,1
1.0,0.0,1101011101000.0,11101.0,7.0,1.110101111010101e+43,1
1.0,6.0,111010001000011.0,110011.0,2.0,1.11e+43,1
2.0,1.0,11110010000110.0,100100.0,6.0,1.101110101111e+42,2
2.0,0.0,100100001.0,111000.0,5.0,1.011001110001e+43,1
1.0,0.0,111100110010011.0,111010.0,14.0,1.100111010011011e+41,0
2.0,4.0,10101110100000.0,10011.0,9.0,1.0011100000100001e+42,2
0.0,5.0,111001110001000.0,11011.0,3.0,1.0100100110111e+43,1
2.0,5.0,101100001010001.0,100110.0,1.0,1.1010011001000012e+41,0
2.0,5.0,11000101001.0,110110.0,15.0,1.11001101010011e+43,1
1.0,5.0,101111101100000.0,111110.0,11.0,1.011011010110001e+43,1
1.0,2.0,11010110011.0,101011.0,11.0,1.100011101000001e+43,1
0.0,3.0,1111101101100.0,101001.0,3.0,1.000111110110101e+43,1
1.0,4.0,110101000100011.0,11000.0,4.0,1.1001111110001012e+41,0
0.0,3.0,10000011010001.0,10000.0,0.0,1.0101001001001101e+43,1
0.0,5.0,11100001101001.0,111011.0,12.0,1.1011110110100111e+43,1
0.0,2.0,110110101000011.0,101010.0,8.0,1.0110101000001011e+42,2
1.0,2.0,110100010111001.0,100010.0,12.0,1.1100010001001111e+43,1
0.0,0.0,101111101101000.0,0.0,4.0,1.011110011110011e+41,0
0.0,5.0,11100001111110.0,1010.0,6.0,1.0000101001100101e+43,1
2.0,0.0,111101111000.0,10101.0,11.0,1.1001011110111e+43,1
1.0,1.0,100011000000010.0,101100.0,13.0,1.101010000101001e+40,0
1.0,5.0,110010100101010.0,11110.0,5.0,1.011010101101e+43,1
1.0,2.0,11001111010101.0,100101.0,10.0,1.11000011100001e+40,0
1.0,5.0,1110001000000.0,100000.0,12.0,1.000000111100001e+43,1
1.0,3.0,1111100110000.0,100111.0,9.0,1.1110101101100011e+43,1
0.0,1.0,110111001100010.0,10110.0,1.0,1.1101111110101101e+43,1
2.0,0.0,101001100110.0,100110.0,0.0,1.1000110101100002e+43,1
0.0,1.0,11100111101000.0,110110.0,13.0,1.010001000010101e+42,2
2.0,2.0,101110001110001.0,110010.0,4.0,1.1000100010001101e+41,0
0.0,4.0,1100011101111.0,100010.0,6.0,1.100011010100101e+41,0
1.0,6.0,101111110010101.0,1001.0,11.0,1.0011000110111001e+43,1
1.0,1.0,10100000010111.0,100100.0,1.0,1.11101101001111e+42,2
1.0,6.0,10110111101010.0,100001.0,13.0,1.000100110101011e+43,1
1.0,6.0,11000011110100.0,101011.0,3.0,1.0010101101110001e+38,0
0.0,6.0,111000101110001.0,11011.0,1.0,1.110011111010001e+42,2
1.0,6.0,101011101101.0,0.0,0.0,1.000001110001011e+43,1
2.0,1.0,11000001011001.0,10111.0,15.0,1.111100010000101e+42,2
2.0,0.0,111001110101110.0,101011.0,4.0,1.10101111110011e+43,1
1.0,3.0,1111111101100.0,110100.0,9.0,1.1111010010001011e+43,1
0.0,6.0,111000100110000.0,101110.0,0.0,1.1001100010000101e+42,2
1.0,2.0,11101111000110.0,100100.0,15.0,1.0100111100011111e+43,1
1.0,1.0,100111000101100.0,100111.0,0.0,1.1101000011111011e+43,1
0.0,3.0,100011001100110.0,110101.0,12.0,1.0001000011011101e+42,2
2.0,5.0,110100001101001.0,101100.0,13.0,1.010110101001111e+43,1
0.0,3.0,100010101001111.0,11110.0,14.0,1.0100101010000102e+41,0
1.0,4.0,101011010010001.0,101101.0,3.0,1.000010011111011e+43,1
2.0,3.0,1100111011100.0,110101.0,6.0,1.0110001100101111e+43,1
2.0,1.0,111011110001111.0,100001.0,2.0,1.1111011110101112e+40,0
2.0,0.0,10101000000111.0,1110.0,12.0,1.0100000100111e+43,1
0.0,3.0,101111001110101.0,101101.0,1.0,1.1001000100000002e+40,0
0.0,4.0,1000010110010.0,11111.0,15.0,1.010010100100111e+33,0
1.0,2.0,101111001101010.0,100101.0,11.0,1.0011100001111001e+40,0
2.0,2.0,111011001111010.0,101011.0,8.0,1.00101010010111e+43,1
2.0,5.0,111001110100100.0,11100.0,3.0,1.101000000000111e+41,0
0.0,5.0,11101010010001.0,100.0,11.0,1.011011100001101e+43,1
2.0,0.0,11010100100101.0,10001.0,14.0,1.01010100101011e+43,1
2.0,5.0,101110000001100.0,10001.0,9.0,1.0001100110110012e+41,0
2.0,6.0,10111110111101.0,111001.0,10.0,1.001001101011001e+43,1
0.0,3.0,111011001101000.0,111000.0,1.0,1.10101100101001e+43,1
0.0,3.0,110001101101111.0,11.0,15.0,1.1001010101100101e+43,1
1.0,2.0,111111010001000.0,10001.0,14.0,1.01100000011101e+43,1
0.0,6.0,11000010011000.0,101011.0,2.0,1.1101110010111112e+43,1
2.0,5.0,10100100110000.0,1.0,12.0,1.11000001010101e+43,1
0.0,0.0,110111111100001.0,10111.0,1.0,1.0001010100010011e+41,0
2.0,1.0,101010011001000.0,10000.0,6.0,1.1001110011100102e+43,1
0.0,2.0,100101010101011.0,110100.0,12.0,1.1111111110100112e+40,0
2.0,2.0,111100111.0,100110.0,9.0,1.110011010100001e+43,1
0.0,0.0,11001111111110.0,110000.0,8.0,1.001001100111011e+42,2
1.0,2.0,1010011110110.0,110000.0,9.0,1.1100100101001011e+43,1
1.0,6.0,101110000001100.0,111010.0,7.0,1.11010000010111e+43,1
0.0,3.0,11000111101010.0,110110.0,9.0,1.0110000000101011e+43,1
1.0,1.0,100001110001100.0,1001.0,2.0,1.0110110110100101e+40,0
0.0,0.0,100111010010110.0,111011.0,7.0,1.1111011001111111e+41,0
0.0,4.0,100000100110.0,1110.0,14.0,1.011010100111e+43,1
2.0,1.0,110011001001010.0,11011.0,12.0,1.111101000000101e+43,1
0.0,4.0,11001110100010.0,1101.0,4.0,1.1011100100110011e+43,1
1.0,5.0,1001101011110.0,110011.0,3.0,1.100111011011011e+42,2
1.0,4.0,1011101000110.0,10001.0,3.0,1.000110010001e+39,0
2.0,5.0,110000010001010.0,100110.0,14.0,1.1000001000100011e+43,1
2.0,1.0,100010000001110.0,100010.0,3.0,1.1111000001000001e+41,0
1.0,2.0,1100010010101.0,11110.0,5.0,1.011000011010111e+42,2
1.0,5.0,10001001101101.0,10101.0,11.0,1.1000001111000112e+39,0
2.0,2.0,100010001100.0,1100.0,12.0,1.101110001111001e+42,2
2.0,3.0,111110100011.0,10101.0,4.0,1.011011101001011e+42,2
2.0,2.0,110010001010001.0,101001.0,15.0,1.000001001010001e+41,0
2.0,6.0,1100101001010.0,101010.0,8.0,1.1110011101110101e+42,2
1.0,3.0,101001110100000.0,110101.0,14.0,1.11101011100101e+43,1
0.0,1.0,100101010101010.0,1001.0,12.0,1.010010011011e+41,0
0.0,3.0,10100100000011.0,11.0,2.0,1.01101011e+43,1
2.0,6.0,100011000101000.0,110101.0,3.0,1.1101010100010012e+41,0
1.0,4.0,111001001001101.0,11011.0,0.0,1.1100011001100001e+43,1
2.0,1.0,111100000001011.0,10001.0,9.0,1.001110110100101e+43,1
1.0,4.0,100011100100100.0,11000.0,9.0,1.0110111010000101e+43,1
0.0,5.0,1101101100011.0,111101.0,3.0,1.0100101100101102e+42,2
0.0,6.0,111101100100000.0,11011.0,13.0,1.00010101101101e+39,0
2.0,2.0,111001110100011.0,111001.0,4.0,1.0001000111001e+38,0
1.0,3.0,11001101001101.0,111100.0,0.0,1.110111101001111e+42,2
0.0,6.0,110100100010110.0,101010.0,5.0,1.11001010101001e+40,0
2.0,6.0,11001100001011.0,111001.0,12.0,1.1111010010010011e+42,2
1.0,6.0,111001110010010.0,10000.0,10.0,1.00001100100111e+42,2
1.0,2.0,11000111000000.0,110101.0,12.0,1.010110001110111e+42,2
0.0,2.0,10110011111100.0,111000.0,15.0,1.1000011101010111e+43,1
0.0,0.0,110000111010111.0,10111.0,6.0,1.0111101101010011e+43,1
2.0,3.0,11110011000.0,111011.0,6.0,1.1001000111111011e+43,1
1.0,1.0,1100100000101.0,101111.0,10.0,1.11000011000011e+43,1
1.0,3.0,1110000111101.0,100011.0,1.0,1.010011000010111e+41,0
0.0,3.0,100010110000.0,101001.0,7.0,1.00001001110111e+43,1
1.0,1.0,1010000101010.0,100011.0,2.0,1.0110110111010111e+43,1
1.0,0.0,10001011000001.0,110101.0,0.0,1.111000101110101e+42,2
2.0,5.0,11100011011011.0,10.0,6.0,1.101100011001111e+42,2
1.0,2.0,111100101010010.0,100011.0,7.0,1.0011010011011001e+43,1
1.0,0.0,1110111010.0,101001.0,4.0,1.010100010001101e+43,1
0.0,0.0,11001010.0,111000.0,1.0,1.1100001111100101e+42,2
2.0,3.0,10110001001011.0,110110.0,1.0,1.0101101011101e+42,2
0.0,2.0,111000011110001.0,1111.0,5.0,1.001010110001001e+39,0
0.0,4.0,1100100111000.0,100.0,1.0,1.1010000100010012e+35,0
0.0,4.0,1110000011111.0,1011.0,7.0,1.1001111001000112e+43,1
2.0,3.0,111100111001.0,110000.0,12.0,1.101001000000101e+40,0
1.0,4.0,110011101110011.0,10100.0,7.0,1.0000001110001012e+42,2
1.0,3.0,100010110010.0,11.0,3.0,1.000111011e+41,0
1.0,1.0,11101011000010.0,101100.0,3.0,1.0001101101110111e+43,1
1.0,1.0,100111011110100.0,110011.0,14.0,1.010100010000011e+43,1
1.0,3.0,110001100010111.0,10011.0,9.0,1.1010011010111001e+43,1
1.0,2.0,100001000011.0,110110.0,12.0,1.0000001100100001e+43,1
0.0,4.0,11101100100011.0,101111.0,9.0,1.001000100111001e+42,2
2.0,5.0,110011010001001.0,110110.0,3.0,1.0101100010001112e+43,1
0.0,5.0,111111100011001.0,101010.0,5.0,1.001001110001111e+42,2
1.0,0.0,100011111010011.0,1001.0,11.0,1.100100001011001e+40,0
0.0,5.0,110101101111110.0,101111.0,14.0,1.100010101010011e+43,1
0.0,5.0,11011101001111.0,100111.0,4.0,1.11001110111101e+42,2
0.0,6.0,101010000100000.0,10100.0,12.0,1.001110011101011e+43,1
1.0,5.0,110001111110111.0,1000.0,6.0,1.1010001010001001e+39,0
2.0,6.0,1011100100111.0,111110.0,8.0,1.100001010001111e+43,1
2.0,0.0,110010110.0,111101.0,6.0,1.101000001011001e+41,0
2.0,1.0,10110010100011.0,100101.0,6.0,1.1110101100100011e+43,1
0.0,5.0,10101000110111.0,100011.0,7.0,1.100100101010111e+39,0
1.0,4.0,11000001100110.0,110000.0,12.0,1.0100010100111011e+39,0
0.0,0.0,111101000111100.0,11001.0,1.0,1.101110000010111e+42,2
0.0,6.0,110010010100.0,100010.0,7.0,1.111000111111e+43,1
1.0,4.0,111000110100101.0,100101.0,8.0,1.11001111101011e+43,1
0.0,6.0,111001001000.0,101011.0,0.0,1.100001100001e+43,1
1.0,0.0,11110111110001.0,1000.0,1.0,1.111111010000011e+43,1
1.0,4.0,10000101000111.0,10111.0,8.0,1.000001011100101e+41,0
0.0,3.0,11101010110111.0,111101.0,9.0,1.111111011101101e+42,2
1.0,0.0,10100110011101.0,1100.0,7.0,1.110101001111101e+43,1
2.0,0.0,100011110101100.0,100001.0,4.0,1.1101100000010101e+43,1
0.0,2.0,101001111101010.0,110111.0,10.0,1.0110111001011e+43,1
1.0,1.0,100011000110000.0,110010.0,14.0,1.1111111100101111e+42,2
1.0,1.0,11011101111010.0,101000.0,2.0,1.101101101100101e+36,0
1.0,0.0,101001101010.0,100.0,11.0,1.0100011100101e+43,1
0.0,3.0,1111011011001.0,1011.0,15.0,1.100101101101001e+40,0
1.0,5.0,111111001011.0,110000.0,11.0,1.0001110101000002e+39,0
0.0,5.0,10101011001110.0,1111.0,3.0,1.0011101001111e+43,1
2.0,0.0,100010011001101.0,100.0,15.0,1.000011101100001e+43,1
0.0,4.0,10100100111110.0,101101.0,12.0,1.1011011011100001e+43,1
0.0,6.0,10100010001000.0,101011.0,8.0,1.111111101011011e+42,2
0.0,0.0,1110001100.0,100100.0,0.0,1.0100011011110101e+43,1
2.0,3.0,11101000100111.0,110.0,8.0,1.1001011111111e+38,0
0.0,2.0,100110111110.0,1101.0,0.0,1.10110111000001e+42,2
2.0,2.0,10111000010111.0,111010.0,4.0,1.1011010011101e+43,1
2.0,3.0,11101100100001.0,10101.0,10.0,1.100100001010111e+42,2
0.0,0.0,10010100101010.0,100110.0,4.0,1.1001110011111002e+43,1
1.0,0.0,11000110001010.0,111111.0,13.0,1.111111001111011e+41,0
2.0,6.0,1000000110001.0,111110.0,2.0,1.10100111101101e+43,1
2.0,3.0,11010000010.0,1011.0,0.0,1.0111101001001101e+41,0
2.0,5.0,11101100101111.0,110111.0,14.0,1.0010011010101e+42,2
1.0,0.0,10101011001011.0,1001.0,13.0,1.0111101101010001e+42,2
0.0,1.0,100011011111111.0,101.0,14.0,1.10001101010011e+42,2
0.0,2.0,11111100100011.0,100.0,11.0,1.1010100000010112e+41,0
2.0,3.0,10111011110100.0,101110.0,7.0,1.0001010100100012e+37,0
2.0,6.0,100101101000.0,110.0,15.0,1.01111111011e+43,1
2.0,3.0,1100101110001.0,100010.0,1.0,1.0000011011110101e+39,0
1.0,3.0,110100010101100.0,10011.0,13.0,1.10101110110111e+42,2
1.0,3.0,11011111111010.0,1110.0,6.0,1.100010100111e+42,2
0.0,2.0,11001010001.0,100001.0,15.0,1.101111000101101e+40,0
0.0,4.0,10101101101.0,11100.0,13.0,1.001011001000111e+39,0
2.0,1.0,11101001111000.0,110111.0,14.0,1.0101100100011011e+40,0
1.0,3.0,101111001001001.0,110111.0,9.0,1.00001111000011e+43,1
1.0,6.0,101111011000111.0,11.0,10.0,1.010010100011101e+42,2
0.0,0.0,100101010101101.0,0.0,7.0,1.100101001001001e+40,0
2.0,5.0,10000011011011.0,101111.0,6.0,1.10000101100111e+43,1
0.0,3.0,110010010101010.0,10010.0,9.0,1.1000111101001e+43,1
1.0,2.0,110101000000011.0,101110.0,3.0,1.1111010000011101e+42,2
2.0,0.0,110101110100001.0,110000.0,3.0,1.0010000001111e+43,1
0.0,3.0,111001010110001.0,1100.0,3.0,1.100010011001e+41,0
2.0,5.0,1011111011100.0,111110.0,14.0,1.100001110001e+43,1
0.0,4.0,100001101110101.0,11100.0,4.0,1.110110001011101e+43,1
2.0,5.0,10010101010010.0,101111.0,15.0,1.00010111000111e+41,0
2.0,1.0,10000000011.0,100101.0,14.0,1.101001101100111e+43,1
0.0,4.0,11111010100010.0,110100.0,11.0,1.000011101101e+43,1
1.0,5.0,11111000001001.0,10101.0,3.0,1.101001111000101e+43,1
1.0,0.0,111010111011110.0,111101.0,15.0,1.01000010000001e+41,0
1.0,1.0,11101000000.0,111.0,13.0,1.101110110011011e+43,1
2.0,1.0,100111100001010.0,10000.0,5.0,1.000100111101111e+43,1
2.0,2.0,111101000000.0,100100.0,3.0,1.1101101110101111e+43,1
0.0,6.0,111000100100111.0,11000.0,6.0,1.001011100111001e+43,1
2.0,1.0,11110011111011.0,11100.0,7.0,1.111000001010011e+41,0
1.0,3.0,11110000111010.0,110.0,13.0,1.0001000101110111e+41,0
2.0,2.0,10110110101.0,111100.0,1.0,1.01000001001111e+42,2
2.0,0.0,11110111001011.0,110101.0,3.0,1.10010011111101e+41,0
1.0,5.0,11011101010111.0,100110.0,2.0,1.1010110001111001e+43,1
1.0,2.0,101011001110011.0,1110.0,12.0,1.0110001110100001e+43,1
2.0,4.0,100011100100100.0,110011.0,0.0,1.101010101100101e+43,1
1.0,1.0,100010001001000.0,10100.0,6.0,1.1011001011010111e+43,1
0.0,4.0,100101011000111.0,110110.0,14.0,1.0000001001110012e+43,1
0.0,6.0,10001101011101.0,101010.0,2.0,1.11000101110011e+43,1
1.0,5.0,110101100110010.0,111110.0,1.0,1.0001111011011011e+43,1
1.0,6.0,111101111110110.0,10111.0,13.0,1.0101001110110001e+43,1
1.0,0.0,10011000100001.0,100111.0,9.0,1.0000111010001e+42,2
1.0,0.0,100100000100010.0,101111.0,1.0,1.00001011001011e+43,1
2.0,1.0,111100101111111.0,101001.0,0.0,1.1101010011110112e+43,1
2.0,4.0,1010011111000.0,100011.0,15.0,1.01010011100001e+43,1
2.0,6.0,110100010011010.0,111111.0,10.0,1.0110111111010001e+42,2
2.0,3.0,1000000100011.0,110001.0,8.0,1.10110000111011e+43,1
0.0,2.0,1001100110111.0,10101.0,6.0,1.1111110000101001e+42,2
2.0,0.0,100111010110101.0,100.0,0.0,1.001010001101e+42,2
2.0,3.0,11100101110100.0,111000.0,4.0,1.1000110010111e+40,0
1.0,4.0,110110001010.0,110010.0,10.0,1.1111011011101011e+42,2
2.0,6.0,1010010000001.0,111110.0,11.0,1.1000100000101011e+42,2
0.0,6.0,100111001111000.0,10101.0,1.0,1.001110111111101e+43,1
1.0,3.0,111111110100100.0,100000.0,15.0,1.0110001111001011e+43,1
2.0,2.0,110011110000.0,101001.0,11.0,1.010101111e+43,1
2.0,4.0,111011011100110.0,110010.0,1.0,1.100101010001101e+41,0
0.0,6.0,1011100001010.0,111111.0,13.0,1.1101000100011001e+43,1
1.0,3.0,100110001010111.0,1001.0,12.0,1.110010001001e+35,0
0.0,5.0,100000111011.0,1111.0,10.0,1.001110000010101e+43,1
0.0,5.0,11001101000001.0,11001.0,9.0,1.0111110101111011e+43,1
2.0,1.0,101110010100111.0,1011.0,6.0,1.1000100100011012e+40,0
1.0,5.0,11000010000111.0,110011.0,1.0,1.01100001011111e+40,0
2.0,1.0,111101010001110.0,1001.0,1.0,1.1001010000001001e+42,2
1.0,3.0,101001011001010.0,100110.0,14.0,1.1011111010011002e+40,0
0.0,1.0,111000110001010.0,11110.0,5.0,1.0101011101000001e+43,1
1.0,6.0,10011001011.0,101111.0,6.0,1.0111010101001101e+43,1
1.0,5.0,111101101001100.0,1.0,2.0,1.0000100111110011e+43,1
0.0,5.0,100000100101110.0,11011.0,13.0,1.1100100100001111e+42,2
2.0,4.0,101100101011010.0,100.0,11.0,1.100000101110001e+43,1
0.0,3.0,111110111010111.0,100010.0,0.0,1.00101010001101e+41,0
0.0,6.0,100110011001.0,111100.0,4.0,1.001010100101001e+42,2
0.0,4.0,100000010111010.0,11010.0,5.0,1.0111001000010112e+43,1
0.0,0.0,101101000111000.0,11100.0,7.0,1.01011010011101e+42,2
2.0,6.0,11101010011110.0,111.0,1.0,1.00110010001e+41,0
2.0,6.0,101001000111001.0,110011.0,11.0,1.111101100010111e+43,1
0.0,2.0,10001111010.0,110000.0,8.0,1.0010100100110012e+43,1
2.0,3.0,101101100000010.0,101101.0,15.0,1.110011111111011e+41,0
0.0,1.0,110011010100111.0,11010.0,14.0,1.0111001110001102e+42,2
0.0,1.0,10011010111000.0,101011.0,0.0,1.0001001100001101e+43,1
0.0,2.0,100110000000001.0,100101.0,2.0,1.00101001011e+42,2
0.0,6.0,1101001011010.0,1100.0,2.0,1.0000100001110111e+43,1
0.0,2.0,1100100000111.0,111011.0,3.0,1.0100110110011101e+43,1
0.0,0.0,110110101110.0,111000.0,9.0,1.10100001000001e+43,1
1.0,6.0,1111101000010.0,101101.0,0.0,1.110101011011111e+43,1
1.0,0.0,101001100011110.0,100001.0,8.0,1.0101011011110011e+43,1
0.0,6.0,10110001111110.0,111001.0,0.0,1.101010000000001e+43,1
0.0,1.0,101110000111001.0,111.0,14.0,1.0000011101101101e+42,2
0.0,5.0,111010011101000.0,111011.0,5.0,1.000101010100101e+42,2
0.0,4.0,1011100000.0,110101.0,4.0,1.1001111110110102e+43,1
1.0,6.0,101011101101110.0,110011.0,9.0,1.0001000000001102e+43,1
0.0,4.0,10000101100.0,110.0,8.0,1.000110011e+39,0
1.0,1.0,101100011101111.0,111111.0,9.0,1.110111100101111e+39,0
2.0,6.0,101001110010111.0,11100.0,0.0,1.1111101100000001e+41,0
2.0,5.0,10111010000.0,11000.0,9.0,1.11001100100011e+43,1
1.0,4.0,111010011110111.0,1111.0,11.0,1.0000100001011101e+39,0
2.0,2.0,111001000000000.0,111001.0,1.0,1.0111110100000002e+43,1
1.0,1.0,10100011011110.0,10101.0,15.0,1.110110000001011e+42,2
0.0,3.0,10011111001010.0,101.0,1.0,1.011010011000001e+40,0
1.0,3.0,11010111000001.0,101111.0,4.0,1.1111011010011e+36,0
0.0,3.0,110111000110100.0,10.0,15.0,1.1010001101000101e+41,0
1.0,2.0,110011110000110.0,10101.0,15.0,1.1001011011e+43,1
0.0,2.0,111011111100011.0,100.0,15.0,1.0101100100111101e+43,1
1.0,2.0,11010100010011.0,0.0,4.0,1.1101011000110101e+43,1
1.0,3.0,101110011000.0,100010.0,8.0,1.10100011101101e+41,0
2.0,4.0,11100011000000.0,10111.0,12.0,1.0001100100001e+43,1
0.0,5.0,101101000010010.0,110101.0,2.0,1.101100101110011e+43,1
2.0,0.0,100101111110001.0,110.0,6.0,1.0111110000000101e+40,0
2.0,3.0,100010100111001.0,1000.0,6.0,1.0110011011111001e+42,2
2.0,3.0,110100000110000.0,111001.0,13.0,1.110100110101101e+43,1
1.0,5.0,11110001110000.0,101111.0,1.0,1.1001000000100111e+42,2
1.0,2.0,10001001010011.0,101001.0,3.0,1.0100100010111e+41,0
2.0,2.0,10010011101110.0,110010.0,10.0,1.0110011010010012e+43,1
1.0,1.0,110001110010011.0,110001.0,2.0,1.10101100111011e+38,0
0.0,1.0,100000100011100.0,101101.0,6.0,1.1001101010011001e+43,1
1.0,5.0,11000100010010.0,10001.0,9.0,1.11011101010011e+43,1
0.0,4.0,111001001010110.0,101110.0,6.0,1.01010100111101e+43,1
1.0,1.0,100001011110111.0,111010.0,2.0,1.100010100110111e+43,1
1.0,2.0,101000011001001.0,11011.0,10.0,1.00100010001101e+36,0
2.0,6.0,11001111101101.0,100001.0,10.0,1.1111101111011e+43,1
1.0,0.0,10101011001110.0,110101.0,12.0,1.100100110111e+43,1
1.0,2.0,100110011101000.0,11110.0,2.0,1.00000000001011e+43,1
0.0,0.0,10000111110100.0,101000.0,2.0,1.110011011000101e+43,1
2.0,6.0,111101100101.0,1.0,12.0,1.011101100001101e+43,1
0.0,0.0,1011101001011.0,10011.0,4.0,1.110001101110001e+39,0
1.0,4.0,100011111101001.0,100.0,8.0,1.00111111e+41,0
2.0,6.0,10101010110.0,110100.0,12.0,1.0110001001101111e+43,1
2.0,1.0,1101100100001.0,100001.0,0.0,1.1100111000000111e+43,1
2.0,0.0,111111100100100.0,1000.0,5.0,1.00100010110011e+43,1
2.0,5.0,111100110010110.0,10100.0,3.0,1.01010111011111e+39,0
0.0,3.0,111111001001111.0,11110.0,3.0,1.0001110011011111e+43,1
2.0,4.0,111010101110101.0,10111.0,8.0,1.1010010101111011e+42,2
1.0,6.0,101110000011001.0,1.0,7.0,1.100001100111001e+42,2
0.0,2.0,110100010000.0,111111.0,3.0,1.0010010110101101e+41,0
1.0,3.0,101100110000111.0,10011.0,9.0,1.0110100110001112e+41,0
0.0,1.0,110100101011000.0,101000.0,9.0,1.1000111010101e+42,2
2.0,5.0,11111011110010.0,101011.0,6.0,1.1101111110010111e+43,1
0.0,1.0,110100011001100.0,10.0,7.0,1.00111101e+43,1
0.0,4.0,111001001100.0,100010.0,6.0,1.0010110011001e+43,1
1.0,6.0,111110110001.0,110011.0,4.0,1.101100011001011e+40,0
1.0,5.0,101010000100101.0,11110.0,4.0,1.0110011010010101e+43,1
0.0,2.0,101010110100000.0,10000.0,15.0,1.1101101010011102e+43,1
2.0,1.0,11101111110100.0,100000.0,10.0,1.0110000110001011e+43,1
1.0,4.0,100111100010001.0,1110.0,0.0,1.00000011001e+43,1
0.0,1.0,11110000100110.0,1001.0,13.0,1.0101111011101e+40,0
0.0,2.0,111101011101110.0,11010.0,0.0,1.00000001110111e+39,0
0.0,3.0,110101101110111.0,10.0,0.0,1.011101111000001e+42,2
0.0,2.0,100000001100110.0,110111.0,7.0,1.1001000100111011e+43,1
0.0,4.0,10100001010111.0,110110.0,6.0,1.000001011000011e+43,1
1.0,3.0,101011001000100.0,101001.0,10.0,1.111011100000111e+40,0
2.0,3.0,101001100011011.0,10010.0,2.0,1.01110101110001e+43,1
1.0,5.0,1010000010011.0,10011.0,14.0,1.1110000101010002e+42,2
1.0,5.0,11010101000.0,100001.0,4.0,1.1101101001110101e+42,2
0.0,1.0,10001001001000.0,100001.0,5.0,1.0010111110101111e+43,1
1.0,6.0,100110001000110.0,100010.0,9.0,1.011010111001111e+43,1
1.0,1.0,111010001111110.0,10000.0,15.0,1.011111011100101e+43,1
2.0,3.0,11110110010000.0,1001.0,13.0,1.010010111011011e+42,2
0.0,6.0,101111100011110.0,10001.0,11.0,1.1101000011111102e+41,0
0.0,1.0,11001001100000.0,111000.0,4.0,1.010100110101001e+42,2
1.0,3.0,100111000111110.0,10.0,4.0,1.010100000111111e+42,2
0.0,4.0,1110001110.0,110010.0,3.0,1.0011000111011011e+42,2
0.0,5.0,110001100011011.0,111010.0,12.0,1.10001110111101e+43,1
1.0,2.0,111111011001010.0,101111.0,0.0,1.000001110010011e+43,1
1.0,6.0,110110010111100.0,100011.0,13.0,1.11010010010001e+41,0
1.0,0.0,11011101110100.0,100001.0,15.0,1.0111110000001011e+43,1
2.0,2.0,110011111111000.0,11010.0,2.0,1.011001001110101e+43,1
2.0,4.0,100101111001001.0,111001.0,3.0,1.110011011100101e+41,0
0.0,1.0,111111101011101.0,11000.0,12.0,1.0001010111000001e+40,0
0.0,0.0,11011000000.0,111100.0,0.0,1.100100111111e+42,2
1.0,2.0,1010101000110.0,111000.0,1.0,1.0011101000110011e+43,1
2.0,6.0,1011101101100.0,110011.0,2.0,1.0101001000010101e+43,1
0.0,0.0,110011010111010.0,11000.0,2.0,1.011111100000111e+42,2
1.0,4.0,101101000000001.0,100111.0,11.0,1.1011000101111112e+43,1
0.0,5.0,111001000010111.0,110001.0,7.0,1.1110110010111111e+43,1
0.0,1.0,1110011001.0,110101.0,1.0,1.1111101000111e+43,1
0.0,1.0,11100101001001.0,10100.0,15.0,1.01001001000111e+42,2
1.0,2.0,101000011111010.0,110010.0,3.0,1.1011101100100001e+43,1
1.0,3.0,11111000110111.0,1100.0,14.0,1.111010101001011e+42,2
2.0,4.0,100111111101101.0,110101.0,7.0,1.111010001e+43,1
2.0,4.0,1111101110000.0,100.0,8.0,1.0110110000111112e+43,1
0.0,3.0,110000101111110.0,1010.0,15.0,1.110110011010111e+42,2
2.0,3.0,110001001110.0,111011.0,0.0,1.0110110010001e+43,1
0.0,0.0,11001110100110.0,10.0,11.0,1.0000000010011e+42,2
0.0,3.0,11110000011110.0,11010.0,4.0,1.0000011100010012e+42,2
1.0,1.0,11010111101100.0,101110.0,2.0,1.00010101000001e+43,1
1.0,4.0,11001100101001.0,100111.0,11.0,1.111000010111111e+42,2
2.0,4.0,111011010011010.0,111010.0,5.0,1.0110110101010102e+43,1
1.0,3.0,11110000100010.0,10001.0,3.0,1.100001100101111e+43,1
2.0,0.0,100111110010011.0,101001.0,12.0,1.000101100101101e+41,0
2.0,6.0,1101101101111.0,1011.0,10.0,1.1001100110010111e+43,1
1.0,1.0,11111110000000.0,100001.0,7.0,1.11110111000111e+43,1
2.0,4.0,1011101010011.0,111001.0,13.0,1.0001110110010111e+43,1
2.0,6.0,100111011101001.0,11.0,12.0,1.111101101100111e+42,2
1.0,4.0,10001111011000.0,110.0,10.0,1.011010110000011e+39,0
1.0,3.0,1001000110100.0,110101.0,14.0,1.1110100000010011e+43,1
1.0,1.0,1000011110.0,111.0,0.0,1.0000011101011011e+43,1
1.0,3.0,1001100100.0,1010.0,5.0,1.100010011010111e+41,0
2.0,0.0,101100101011011.0,11011.0,10.0,1.1111001010011011e+43,1
2.0,2.0,111101000101011.0,10110.0,5.0,1.10001001110011e+42,2
2.0,6.0,11010110101000.0,11000.0,15.0,1.1011010100011102e+40,0
1.0,0.0,110000101110101.0,11110.0,2.0,1.0111110100101001e+43,1
0.0,3.0,110100000111.0,110101.0,2.0,1.1101010000010001e+41,0
1.0,6.0,101110000110110.0,1111.0,11.0,1.0110000101110001e+43,1
1.0,1.0,100110000101101.0,11011.0,4.0,1.10001110000011e+43,1
2.0,4.0,11111000010111.0,10101.0,9.0,1.111101111001101e+42,2
1.0,0.0,100010111111000.0,101011.0,14.0,1.0100111101011101e+42,2
0.0,5.0,110111101101100.0,111110.0,7.0,1.001110001101e+40,0
0.0,2.0,111010010010001.0,11111.0,0.0,1.1001101011110001e+43,1
2.0,3.0,11111010101010.0,1010.0,12.0,1.101101010000111e+43,1
0.0,4.0,100100000001110.0,111111.0,0.0,1.100101010111e+43,1
2.0,5.0,111101000100011.0,1010.0,13.0,1.1001011001011001e+43,1
1.0,1.0,111011001011000.0,10010.0,9.0,1.101001110010101e+42,2
0.0,5.0,1111101111001.0,11110.0,2.0,1.101110110011101e+42,2
0.0,6.0,11000011110110.0,111100.0,10.0,1.011101110101011e+38,0
1.0,4.0,1111111101010.0,1101.0,4.0,1.1100001000000012e+42,2
2.0,0.0,110011110101100.0,1111.0,6.0,1.100101010011011e+41,0
1.0,1.0,1001011010010.0,111111.0,3.0,1.000100110101e+42,2
1.0,1.0,110110000110101.0,1.0,6.0,1.111001001110111e+38,0
1.0,4.0,1010110011010.0,11011.0,11.0,1.1111110100110101e+41,0
1.0,6.0,101101101101010.0,100.0,0.0,1.1010111110001101e+43,1
2.0,5.0,10001010110001.0,11010.0,15.0,1.00110111100101e+43,1
2.0,1.0,11100110010110.0,1011.0,4.0,1.0000100000111112e+41,0
2.0,0.0,11111010010111.0,10.0,8.0,1.11000010110111e+43,1
0.0,4.0,10100101101011.0,100110.0,15.0,1.1010000011011e+40,0
0.0,4.0,111100110110.0,100010.0,13.0,1.011100101101111e+43,1
2.0,1.0,1101110010.0,100011.0,6.0,1.01100010010001e+42,2
0.0,2.0,110010100110001.0,101100.0,10.0,1.0010010111001011e+43,1
0.0,4.0,10100110101000.0,100.0,13.0,1.000001001101e+42,2
1.0,1.0,11111010101.0,110010.0,2.0,1.0111001001011101e+42,2
0.0,1.0,100011100110100.0,1100.0,6.0,1.0000101011011101e+43,1
2.0,0.0,111111101.0,111101.0,15.0,1.0111100111e+42,2
1.0,5.0,11000010101110.0,110111.0,15.0,1.011011001101011e+42,2
2.0,2.0,1111001100101.0,11000.0,9.0,1.0010011010011001e+41,0
0.0,1.0,1001111110001.0,1100.0,10.0,1.1110101100100011e+43,1
0.0,3.0,1011000001111.0,1110.0,9.0,1.1000110010110101e+41,0
0.0,2.0,100110011010.0,110011.0,3.0,1.1010101111101012e+41,0
0.0,3.0,100101010001.0,100.0,11.0,1.100010011101111e+38,0
0.0,3.0,110101100100000.0,101000.0,3.0,1.110111110000011e+42,2
0.0,6.0,1101100011010.0,100010.0,2.0,1.111001001111001e+43,1
2.0,5.0,110011010111101.0,11110.0,9.0,1.1010110000000001e+43,1
1.0,1.0,110110111010101.0,10111.0,14.0,1.10011000011011e+40,0
0.0,2.0,111001101000010.0,11011.0,15.0,1.001111110010111e+42,2
2.0,3.0,100111000110001.0,0.0,8.0,1.000010000000011e+42,2
2.0,5.0,110100000001011.0,1111.0,11.0,1.000001010100001e+41,0
2.0,1.0,111100011010011.0,111100.0,4.0,1.001001000101011e+40,0
1.0,5.0,1110000100.0,110.0,8.0,1.1010010101100011e+41,0
1.0,0.0,11100001100001.0,11111.0,12.0,1.0001110101100102e+43,1
1.0,4.0,100101011100100.0,110.0,12.0,1.010011110001101e+43,1
1.0,5.0,10111110101111.0,1110.0,14.0,1.1111000011000101e+42,2
0.0,2.0,11010111110100.0,10001.0,9.0,1.1101110001101e+40,0
1.0,2.0,10100101111111.0,101111.0,13.0,1.01111100101011e+42,2
2.0,5.0,1000100100011.0,110000.0,4.0,1.1010000101010011e+43,1
1.0,6.0,111100100000101.0,11.0,9.0,1.101000101000111e+42,2
0.0,6.0,1110010011000.0,1.0,6.0,1.110011010011111e+42,2
0.0,4.0,101111111110101.0,101.0,13.0,1.0101100010111102e+42,2
1.0,4.0,110110010011000.0,101.0,0.0,1.0100000001001002e+41,0
2.0,0.0,11001110110001.0,11011.0,15.0,1.0111010111000011e+43,1
0.0,0.0,11000001010111.0,11100.0,14.0,1.10000011e+43,1
1.0,1.0,11010001001000.0,10001.0,12.0,1.0111011010111001e+42,2
1.0,1.0,10011010100001.0,100.0,7.0,1.1111011001100002e+42,2
1.0,5.0,10100010011001.0,100000.0,5.0,1.1011011010000111e+43,1
1.0,6.0,101101111100.0,111000.0,11.0,1.1001011110011e+43,1
2.0,1.0,100101011110011.0,10010.0,10.0,1.0011000101100102e+43,1
0.0,5.0,100011001001101.0,101.0,13.0,1.1101011111101012e+42,2
1.0,4.0,111001000111001.0,1110.0,5.0,1.01111101111e+43,1
0.0,1.0,1100100010111.0,110100.0,12.0,1.01110100101001e+42,2
2.0,4.0,100111101001010.0,101110.0,10.0,1.1101100011001e+42,2
1.0,0.0,101100001011010.0,100110.0,5.0,1.0111111111101101e+43,1
0.0,5.0,11100011101100.0,1.0,11.0,1.1111000010010011e+41,0
1.0,1.0,1000100001110.0,111001.0,5.0,1.10100111001101e+43,1
1.0,4.0,101100111010010.0,100101.0,9.0,1.111111101011111e+40,0
2.0,4.0,101110011101100.0,101110.0,0.0,1.001110000000101e+41,0
0.0,6.0,111101110111011.0,1.0,10.0,1.1110100101001e+43,1
0.0,4.0,100100000010000.0,11111.0,13.0,1.00100000111101e+42,2
2.0,5.0,111100011000100.0,110110.0,6.0,1.0111000111101001e+42,2
2.0,2.0,10111011000001.0,1011.0,6.0,1.10010011101001e+43,1
2.0,3.0,11000010100110.0,100110.0,15.0,1.000001100011011e+37,0
0.0,4.0,10010101101010.0,100110.0,3.0,1.10010100001111e+43,1
0.0,0.0,100011010110.0,11.0,11.0,1.01100100011101e+42,2
0.0,2.0,101000000000001.0,11000.0,5.0,1.1011110101101e+42,2
0.0,5.0,11100010000100.0,110101.0,7.0,1.00101000111011e+42,2
2.0,4.0,100100000000110.0,11000.0,8.0,1.001011111101111e+43,1
1.0,0.0,111001010100101.0,111011.0,14.0,1.111101101111e+42,2
0.0,1.0,10011110000100.0,10111.0,4.0,1.01001110110011e+43,1
2.0,5.0,11010110100001.0,100010.0,4.0,1.0001101110111011e+43,1
1.0,0.0,1001101.0,11100.0,10.0,1.1101000110100102e+42,2
1.0,5.0,101101000010110.0,111001.0,14.0,1.110001100101101e+42,2
1.0,3.0,1110011111010.0,111011.0,4.0,1.000110101000111e+42,2
2.0,1.0,110101011101010.0,101100.0,3.0,1.1010000111010001e+43,1
1.0,0.0,101110010101101.0,10001.0,10.0,1.1001100011001e+43,1
2.0,6.0,111100111001100.0,100010.0,13.0,1.011101111110011e+43,1
2.0,4.0,10001100100110.0,1111.0,6.0,1.0010100001001111e+42,2
1.0,6.0,11001100001110.0,11101.0,1.0,1.111000111111011e+43,1
0.0,0.0,111111111100000.0,11000.0,11.0,1.101001010101001e+41,0
1.0,6.0,100001101011000.0,1111.0,10.0,1.00100000011111e+43,1
0.0,5.0,11001101101001.0,111001.0,4.0,1.100110111e+42,2
2.0,1.0,111001110000000.0,111001.0,5.0,1.1110000101110012e+42,2
2.0,4.0,110100011001011.0,101111.0,14.0,1.1111111100111101e+42,2
2.0,2.0,101010110100111.0,101101.0,13.0,1.10110100000001e+43,1
0.0,3.0,10100110101010.0,101001.0,12.0,1.0100011000111e+42,2
1.0,4.0,11000100010110.0,101001.0,1.0,1.001100010101e+43,1
2.0,1.0,101100101111.0,100111.0,4.0,1.1001011100001e+42,2
1.0,5.0,110000110001110.0,11111.0,1.0,1.0010101111100102e+43,1
2.0,3.0,111011110000000.0,100101.0,2.0,1.0001100100111012e+43,1
0.0,1.0,110001000111111.0,110110.0,4.0,1.0001100010000011e+42,2
2.0,5.0,10011000100001.0,100111.0,8.0,1.0000100011101011e+43,1
0.0,4.0,101000011100.0,10011.0,9.0,1.000000001011101e+43,1
0.0,3.0,110011010101000.0,11101.0,2.0,1.00011000011011e+43,1
1.0,1.0,110111010011011.0,100100.0,10.0,1.0011100100011111e+43,1
2.0,6.0,11000010001000.0,110001.0,15.0,1.1010000101000111e+43,1
0.0,3.0,111100101110110.0,111100.0,3.0,1.00011000101e+43,1
0.0,4.0,1100111010011.0,110010.0,10.0,1.1010011000101002e+42,2
2.0,0.0,111110011001.0,1000.0,5.0,1.1101110100001111e+43,1
1.0,0.0,101001100101000.0,100.0,7.0,1.01011001100111e+43,1
2.0,1.0,101000100000011.0,10010.0,2.0,1.0101001010101111e+43,1
1.0,0.0,11011100100001.0,11.0,12.0,1.0010010000100102e+43,1
1.0,2.0,111001011100011.0,10111.0,5.0,1.010011010011111e+41,0
2.0,6.0,11000101000100.0,111000.0,4.0,1.011011011010011e+41,0
0.0,6.0,10101111001010.0,0.0,9.0,1.1011111100011002e+42,2
1.0,5.0,11010000110101.0,100011.0,11.0,1.011111001111101e+41,0
1.0,2.0,1001000100111.0,11010.0,10.0,1.000101100111011e+43,1
